crc32	umd_data_title   title
F2936F27	BCUA-0177	Mobile Suit Gundam 00 Special Edition I Celestial Being
848E19EF	BCUA-0178	Mobile Suit Gundam 00 Special Edition II End of World
C67D9628	BCUA-0179	Mobile Suit Gundam 00 Special Edition III Return the World
A57F9AD3	TERMINATOR SALVATION	Terminator Salvation
55F8979A	Thir13en Ghosts	Thir13en Ghosts
38000A46	U2 Rattle and Hum	U2 Rattle and Hum
1E2083FA	13 LOVE 30	13 Going on 30
76ED0D2F	BCUA-0190	Agent Aika Volume 1
A5194D47	BCUA-0191	Agent Aika Volume 2
76ED0D2F	BCUA-0192	Agent Aika Volume 3
42CD6B0F	NFPA-20825	Amadeus
F9ED4675	THE_AMITYVILLE_HORROR	The Amityville Horror
A94E0F25	Anacondas	Anacondas
4005F027	KIUA-33	Azumanga Daioh Volume 1
922EC8AD	KIUA-34	Azumanga Daioh Volume 2
217D38EA	KIUA-35	Azumanga Daioh Volume 3
935986C9	KIUA-36	Azumanga Daioh Volume 4
ED397CF3	KIUA-37	Azumanga Daioh Volume 5
07146934	NFP-74574	Batman Begins
B0927561	NFPK-Y21424	Beowulf
DA95A184	NFPK-Y15982	Blood diamond
68A7FA35	NFPK-Y25557	Body of Lies
DBB7A274	NFPK-Y29411	The Brave One
44A74758	NFPK-F0240	Brave Story
F5FF7109	BIUF-5929	Bunshinsaba
485EA0FD	NFP-59338	Chari to Chokorēto Kojo
2c310dcf	Charlies Angels	Charlie's Angels
F8BF83C1	BCUE-0004	Cho kowai hanashi shirizu inagawa junji no kaidan densetsu ！1
135D1601	Closer	Closer
52BCBC44	BCUA-0214	CODE GEASS Lelouch of the Rebellion R2 volume 01
30A333DB	BCUA-0215	CODE GEASS Lelouch of the Rebellion R2 volume 02
FF15C073	BCUA-0216	CODE GEASS Lelouch of the Rebellion R2 volume 03
B6E23CC4	BCUA-0217	CODE GEASS Lelouch of the Rebellion R2 volume 04
60870B2C	BCUA-0218	CODE GEASS Lelouch of the Rebellion R2 volume 05
1CE75869	BCUA-0220	CODE GEASS Lelouch of the Rebellion R2 volume 07
F1B8A13E	BCUA-0221	CODE GEASS Lelouch of the Rebellion R2 volume 08
3371C0F9	BCUA-0222	CODE GEASS Lelouch of the Rebellion R2 volume 09
336CD52F	BCUA-0205	CODE GEASS Lelouch of the Rebellion volume 01
27A04D84	BCUA-0206	CODE GEASS Lelouch of the Rebellion volume 02
86C899ED	BCUA-0207	CODE GEASS Lelouch of the Rebellion volume 03
E7F1CC7D	BCUA-0208	CODE GEASS Lelouch of the Rebellion volume 04
A13D3590	BCUA-0209	CODE GEASS Lelouch of the Rebellion volume 05
4D5F1ACC	BCUA-0210	CODE GEASS Lelouch of the Rebellion volume 06
35F10FE7	BCUA-0211	CODE GEASS Lelouch of the Rebellion volume 07
48D83546	BCUA-0212	CODE GEASS Lelouch of the Rebellion volume 08
EEDC74F8	BCUA-0213	CODE GEASS Lelouch of the Rebellion volume 09
231C3240	NFP-74567	Constantine
BF33A5D5	Crouching Tiger	Crouching Tiger Hidden Dragon
5C329027	NFPK-Y22496	The Curious Case of Benjamin Button
236BA028	NFPK-Y22423	The Dark Knight
DFF4379B	NFPK-Y15417	The Departed
75E53B2F	DIGITAL_ULTRA_SERIES	Digital Ultra Series Shinji Higuchi Selection
D952EA0D	NFPA-20091	Drunken Master II
63C5BF43	Evolution	Evolution
42E34645	Exorcism of Emily Rose	The Exorcism of Emily Rose
46003351	FUDC-2006	FALCOM UMD 2006 DEMO COLLECTION
12AE0342	NFPA-Y13174	A Film about Jimi Hendrix
5D8D7BD3	NFPK-81917	Firewall
6679C70B	The Forgotten	The Forgotten
8DB56FAC	BIBA-5801-U	furumetaru panikku ！The Second Raid Scene 01
39BC36AB	BIBA-5802-U	furumetaru panikku ！The Second Raid Scene 02 + 03
59F3B46A	BIBA-5803-U	furumetaru panikku ！The Second Raid Scene 04 + 05
1709468D	BIBA-5804-U	furumetaru panikku ！The Second Raid Scene 06 + 07
0B81DD57	BIBA-5805-U	furumetaru panikku ！The Second Raid Scene 08 + 09
6CF88C1D	BIBA-5806-U	furumetaru panikku ！The Second Raid Scene 10 + 11
5736CACB	BIBA-5807-U	furumetaru panikku ！The Second Raid Scene 12 + 13
57ED03A8	NFPA-20090	Gremlins
FC419118	BCUA-0165	Gundam Evolve Alpha
BA47E5AA	BCUA-0163	Gundam Evolve Plus
A259B8C0	BCUA-0180	gan damu MS doga zukan [uchu seiki] hen Vol. 1 
7EE4DCA1	BCUA-0181	gan damu MS doga zukan [uchu seiki] hen Vol. 2
D04024A4	BCUA-0182	gan damu MS doga zukan [uchu seiki] hen Vol. 3
EA26863B	Gone In 60 Seconds	Gone In 60 Seconds (2000)
6FBCF901	Dawn Of The Dead	Dawn of the Dead (1978)
E4ED68BE	Dawn of the Dead	Dawn of the Dead (2003)
0A50B0A3	NFP-76455	Harry Potter and the Goblet of Fire
58F98F41	NFPK-18067	Harry Potter and the Order of the Phoenix
6399F2F4	Hitch	Hitch
6F2F4BC7	Hollow Man	Hollow Man
C22AEC9F	UMS-31963	House on Haunted Hill
D72B4075	NFPK-Y21652	I Am Legend
9EF5BC9C	The Incredible Hulk	The Incredible Hulk
0839B87E	SUMD-0001	InitialD Street Stage D-File
E5A5A7B2	Into The Blue	Into The Blue
6A010BA7	NFPK-Y21407	The Invasion
5782DD64	IRON MAN	Iron Man
55F522D2	NFP-74716	The Island
8F8E99E2	JERRY MAGUIRE	Jerry Maguire
0970073A	BCUA-0161	kido senshi gan damu MS IGLOO - mokushiroku 0079 -
40046EFA	BCUA-0007	kido senshi gan damu MS iguru - 1 nen sensō hiroku -
4179F301	BCUA-0162	kido senshi gan damu SEED C . E . 73 STARGAZER 
0480880B	BCUA-0002	kido senshi gan damu SEED supesharu edishon Ⅱ harukanaru akatsuki 
CAACD25A	BCUA-0155	kido senshi gan damu SEED supesharu edishon kanketsuhen meido no ucho 
F20AD8B4	BCUA-0001	kido senshi gan damu SEED supesharu edishon koku no senjo
B22E7BB7	NFPA-81306	The Last Samurai
55A2AADB	Lock Stock	Lock Stock & Two Smoking Barrels
DF45C23E	PCBC-50756	Lorelei
FCB7EAF8	NFP-74569	The Matrix Reloaded